-- 1. Consultants
INSERT INTO consultant (id, nom, grade, date_embauche) VALUES
('c-001', 'Consul 1', 'PARTNER', '2018-03-15'),
('c-002', 'Consul 2', 'MANAGER', '2019-06-01'),
('c-003', 'Consul 3', 'MANAGER', '2020-01-10'),
('c-004', 'Consul 4', 'SENIOR', '2021-04-22'),
('c-005', 'Consul 5', 'SENIOR', '2021-09-05'),
('c-006', 'Consul 6', 'SENIOR', '2022-02-14'),
('c-007', 'Consul 7', 'JUNIOR', '2025-01-06'),
('c-008', 'Consul 8', 'JUNIOR', '2025-08-18');

-- 2. Clients
INSERT INTO client (id, raison_sociale, secteur, email_contact) VALUES
('cl-001', 'BNI Madagascar', 'BANQUE', 'contact@bni.example'),
('cl-002', 'Yas', 'TELECOM', 'b2b@yas.example'),
('cl-003', 'Ambatovy Minerals', 'INDUSTRIE', 'it@ambatovy.example'),
('cl-004', 'Supermarché Leader', 'DISTRIBUTION', 'dsi@leader.example');

-- 3. Missions
INSERT INTO mission (id, description, client_id, date_debut, date_fin) VALUES
('m-001', 'Modernisation du core banking', 'cl-001', '2026-03-01', '2026-08-31'),
('m-002', 'Audit de la plateforme mobile money', 'cl-001', '2026-04-15', '2026-06-30'),
('m-003', 'Refonte de la supervision réseau', 'cl-002', '2026-02-01', '2026-05-31'),
('m-004', 'Déploiement SAP phase 2', 'cl-003', '2026-01-15', '2026-12-15'),
('m-005', 'Intégration des caisses (POS)', 'cl-004', '2026-05-01', '2026-07-31'),
('m-006', 'Lancement de la plateforme e-commerce', 'cl-004', '2026-09-01', '2027-02-28');

-- 4. Affectations
INSERT INTO assignment (id, mission_id, consultant_id, jours_prevus, tjm, date_debut, date_fin, statut) VALUES
('a-001', 'm-001', 'c-001', 30, 1800000, '2026-03-01', '2026-08-31', 'ACTIVE'),
('a-002', 'm-001', 'c-004', 90, 700000, '2026-03-01', '2026-08-31', 'ACTIVE'),
('a-003', 'm-001', 'c-007', 100, 400000, '2026-03-01', '2026-08-31', 'ACTIVE'),
('a-004', 'm-002', 'c-002', 50, 1100000, '2026-04-15', '2026-06-30', 'ACTIVE'),
('a-005', 'm-002', 'c-005', 50, 720000, '2026-04-15', '2026-06-30', 'ACTIVE'),
('a-006', 'm-003', 'c-003', 60, 1100000, '2026-02-01', '2026-05-31', 'ACTIVE'),
('a-007', 'm-003', 'c-005', 80, 700000, '2026-02-01', '2026-05-31', 'ACTIVE'),
('a-008', 'm-003', 'c-006', 60, 650000, '2026-02-01', '2026-04-30', 'CLOSED'),
('a-009', 'm-004', 'c-002', 200, 1150000, '2026-01-15', '2026-12-15', 'ACTIVE'),
('a-010', 'm-004', 'c-006', 180, 700000, '2026-05-01', '2026-12-15', 'ACTIVE'),
('a-011', 'm-005', 'c-003', 40, 1100000, '2026-05-01', '2026-07-31', 'ACTIVE'),
('a-012', 'm-005', 'c-008', 60, 320000, '2026-05-01', '2026-07-31', 'ACTIVE');

-- 5. Factures (Générées pour la période d'Avril 2026)
INSERT INTO invoice (id, number, mission_id, period, total_amount, status, issue_date) VALUES
('i-001', 'INV-2026-00001', 'm-001', '2026-04', 31600000, 'PAID', '2026-05-02 10:00:00'),
('i-002', 'INV-2026-00002', 'm-003', '2026-04', 50400000, 'SENT', '2026-05-02 11:00:00'),
('i-003', 'INV-2026-00003', 'm-004', '2026-04', 25300000, 'OVERDUE', '2026-05-02 12:00:00');

-- 6. Lignes de Facture
INSERT INTO invoice_line (invoice_id, consultant_id, jours_factures, tjm, sous_total) VALUES
('i-001', 'c-001', 5, 1800000, 9000000),
('i-001', 'c-004', 22, 700000, 15400000),
('i-001', 'c-007', 18, 400000, 7200000),
('i-002', 'c-003', 20, 1100000, 22000000),
('i-002', 'c-005', 22, 700000, 15400000),
('i-002', 'c-006', 20, 650000, 13000000),
('i-003', 'c-002', 22, 1150000, 25300000);

-- 7. Timesheets
INSERT INTO timesheet (id, consultant_id, semaine, statut, soumis_le) VALUES
('t-001', 'c-004', '2026-W18', 'VALIDATED', '2026-05-04 18:12:00'),
('t-002', 'c-005', '2026-W18', 'VALIDATED', '2026-05-04 19:30:00'),
('t-003', 'c-007', '2026-W18', 'VALIDATED', '2026-05-05 08:05:00'),
('t-004', 'c-004', '2026-W19', 'SUBMITTED', '2026-05-11 17:40:00'),
('t-005', 'c-005', '2026-W19', 'REJECTED', '2026-05-11 18:55:00'),
('t-006', 'c-008', '2026-W21', 'DRAFT', NULL);

-- 8. Lignes de Timesheet
-- Note : Liaison historique des entrées validées d'avril vers la facture i-001 et i-002 si nécessaire, 
-- mais ici nous enregistrons les lignes telles que saisies.
INSERT INTO timesheet_entry (timesheet_id, consultant_id, week, entry_date, mission_id, day_fraction) VALUES
('t-001', 'c-004', '2026-W18', '2026-04-27', 'm-001', 1.0),
('t-001', 'c-004', '2026-W18', '2026-04-28', 'm-001', 1.0),
('t-001', 'c-004', '2026-W18', '2026-04-29', 'm-001', 1.0),
('t-001', 'c-004', '2026-W18', '2026-04-30', 'm-001', 1.0),
('t-001', 'c-004', '2026-W18', '2026-05-01', 'm-001', 1.0),

('t-002', 'c-005', '2026-W18', '2026-04-27', 'm-003', 1.0),
('t-002', 'c-005', '2026-W18', '2026-04-28', 'm-003', 1.0),
('t-002', 'c-005', '2026-W18', '2026-04-29', 'm-002', 0.5),
('t-002', 'c-005', '2026-W18', '2026-04-29', 'm-003', 0.5),
('t-002', 'c-005', '2026-W18', '2026-04-30', 'm-002', 1.0),
('t-002', 'c-005', '2026-W18', '2026-05-01', 'm-002', 1.0),

('t-003', 'c-007', '2026-W18', '2026-04-27', 'm-001', 1.0),
('t-003', 'c-007', '2026-W18', '2026-04-28', 'm-001', 1.0),
('t-003', 'c-007', '2026-W18', '2026-04-29', 'm-001', 1.0),
('t-003', 'c-007', '2026-W18', '2026-04-30', 'm-001', 1.0),

('t-004', 'c-004', '2026-W19', '2026-05-04', 'm-001', 1.0),
('t-004', 'c-004', '2026-W19', '2026-05-05', 'm-001', 1.0),
('t-004', 'c-004', '2026-W19', '2026-05-06', 'm-001', 1.0),
('t-004', 'c-004', '2026-W19', '2026-05-07', 'm-001', 1.0),
('t-004', 'c-004', '2026-W19', '2026-05-08', 'm-001', 1.0),

('t-005', 'c-005', '2026-W19', '2026-05-04', 'm-003', 1.0),
('t-005', 'c-005', '2026-W19', '2026-05-05', 'm-002', 1.0),
('t-005', 'c-005', '2026-W19', '2026-05-06', 'm-003', 0.5),
('t-005', 'c-005', '2026-W19', '2026-05-06', 'm-002', 1.0), -- Cas de rejet (> 1.0 le même jour)
('t-005', 'c-005', '2026-W19', '2026-05-07', 'm-003', 1.0),
('t-005', 'c-005', '2026-W19', '2026-05-08', 'm-002', 1.0),

('t-006', 'c-008', '2026-W21', '2026-05-18', 'm-005', 1.0),
('t-006', 'c-008', '2026-W21', '2026-05-19', 'm-005', 1.0);